,open,high,low,close,vwap,volume,count
1511308800,70.19,71.99,69.21,71.88,70.88,19652.00082904,1672.0
1511395200,71.88,75.78,70.21,73.01,73.7,39358.27854881,2418.0
1511481600,73.01,76.0,71.01,75.99,73.9,29814.66455832,2164.0
1511568000,75.99,88.38,75.67,87.16,81.23,45300.18412698,4095.0
1511654400,87.98,88.34,81.0,84.01,84.97,29017.45942235,2621.0
1511740800,84.01,90.3,83.75,89.84,87.99,28977.97810715,2385.0
1511827200,89.6,93.68,88.0,92.87,91.04,31572.10752388,3085.0
1511913600,92.85,102.49,70.02,83.95,93.1,78483.04071567,6074.0
1512000000,83.88,91.99,78.21,87.59,85.46,43489.39632599,3633.0
1512086400,87.58,100.0,82.0,97.43,92.0,43577.30819632,4120.0
1512172800,97.43,102.78,97.0,98.76,99.46,31361.42338046,3016.0
1512259200,98.76,104.0,98.01,100.43,100.97,23560.58396747,2725.0
1512345600,100.43,103.22,98.3,103.1,100.38,15286.73066616,1933.0
1512432000,103.14,104.0,100.33,101.0,102.19,16881.37335715,1854.0
1512518400,101.25,103.45,96.01,97.87,100.68,22972.62535999,2637.0
1512604800,98.54,100.0,90.1,92.98,95.92,30116.08630248,2394.0
1512691200,92.98,125.5,90.5,119.84,111.04,73643.4207827,6115.0
1512777600,120.07,168.0,120.04,148.49,144.44,64543.19013496,7041.0
1512864000,149.48,155.99,125.56,144.39,143.68,36860.81405197,6092.0
1512950400,144.37,219.99,143.16,210.69,185.52,93117.24359193,11755.0
1513036800,210.01,349.0,200.5,290.54,273.51,107898.43596488,15994.0
1513123200,290.66,329.0,260.0,294.61,299.93,50713.26342261,10257.0
1513209600,294.61,307.13,260.0,271.94,284.29,34176.45346182,7640.0
1513296000,271.0,312.54,250.0,299.0,279.28,37936.66870528,6621.0
1513382400,299.0,307.91,285.0,296.17,298.33,18328.68994785,5517.0
1513468800,296.17,325.48,296.17,312.78,312.24,23686.92215671,6262.0
1513555200,312.78,360.94,300.0,353.65,324.2,28825.58634936,6796.0
1513641600,353.61,369.0,310.0,341.64,348.99,26809.61622526,7367.0
1513728000,341.64,344.56,285.0,298.0,311.91,40601.23343554,7839.0
1513814400,298.0,320.0,275.0,297.14,298.75,28125.43677202,7302.0
1513900800,297.14,302.69,181.0,258.63,246.77,56644.26860946,9575.0
1513987200,258.63,310.0,253.19,276.72,283.81,32678.06877961,6722.0
1514073600,276.83,292.75,240.0,264.89,261.47,18165.27419509,4788.0
1514160000,264.89,282.32,258.78,265.89,270.66,10462.16458897,3041.0
1514246400,265.89,285.0,263.06,279.81,277.83,13422.8881428,3080.0
1514332800,279.66,286.76,251.26,264.87,271.35,16286.6230931,4833.0
1514419200,264.87,266.87,228.69,249.45,246.82,16909.0355443,4591.0
1514505600,249.8,283.0,225.0,240.08,249.07,29344.62281501,7082.0
1514592000,240.08,242.78,202.2,212.12,220.83,31213.56755315,7400.0
1514678400,211.82,236.0,207.13,230.3,220.56,12385.68853012,4074.0
1514764800,230.32,237.77,217.87,225.63,227.42,14336.31589843,3158.0
1514851200,225.34,265.0,225.01,254.6,247.14,21667.81598708,4922.0
1514937600,254.6,261.49,240.51,243.0,250.27,18166.57711868,4874.0
1515024000,243.01,246.92,226.6,240.0,236.18,26503.40660268,7590.0
1515110400,239.99,260.0,236.0,240.45,244.91,22027.78009231,5809.0
1515196800,240.45,305.0,240.0,280.53,280.89,43466.14779248,8328.0
1515283200,280.53,286.76,252.4,266.55,276.28,13021.06635299,3708.0
1515369600,269.99,271.45,226.0,254.96,254.79,20159.76357831,4732.0
1515456000,253.53,290.0,239.0,246.85,253.85,16660.71719308,4779.0
1515542400,245.5,254.97,231.75,251.83,241.85,16607.82723258,4627.0
1515628800,251.76,254.0,216.57,230.7,235.91,7425.22214939,1225.0
1515715200,230.7,230.7,230.7,230.7,0.0,0.0,0.0
1515801600,230.7,266.65,230.7,261.85,254.75,13643.54578697,4347.0
1515888000,261.89,280.0,232.0,239.0,249.36,37329.43228674,8894.0
1515974400,239.0,247.48,231.01,231.55,239.62,20909.12215577,6821.0
1516060800,231.55,232.75,150.4,190.73,195.22,80692.38774482,17782.0
1516147200,190.69,204.98,137.86,187.5,175.84,84944.54739567,19579.0
1516233600,187.57,210.0,177.06,192.67,193.79,48079.18236082,14021.0
1516320000,192.67,203.92,187.77,194.41,195.26,28378.95791189,10140.0
1516406400,194.73,215.0,194.49,211.75,206.44,34233.97220577,8412.0
1516492800,211.75,211.75,182.81,190.93,194.1,20418.52653131,8499.0
1516579200,190.93,195.85,165.1,180.01,180.66,32841.5634898,12191.0
1516665600,180.01,187.39,165.25,177.32,176.97,26828.69328029,8613.0
1516752000,177.32,186.13,173.0,180.99,179.13,20253.51124564,7575.0
1516838400,180.99,185.0,175.0,179.05,180.55,17226.60697372,5639.0
1516924800,179.05,182.7,165.37,175.39,173.67,21550.7804645,8441.0
1517011200,175.39,184.07,173.68,180.2,179.69,18098.22732512,5961.0
1517097600,180.2,193.65,180.0,192.16,186.59,19469.48250594,5094.0
1517184000,192.16,193.05,177.79,180.26,182.49,13519.62878616,3984.0
1517270400,180.26,180.67,160.0,163.63,169.35,29872.00623966,7019.0
1517356800,163.63,166.0,155.0,162.3,160.34,22453.4789599,6547.0
1517443200,162.3,164.87,127.0,140.84,145.43,48765.05235478,9414.0
1517529600,140.84,147.0,101.0,131.08,124.91,64975.87246385,14708.0
1517616000,131.08,165.4,117.97,160.7,145.09,45711.00353304,7585.0
1517702400,160.88,174.4,135.88,147.07,156.57,59193.65483042,8452.0
1517788800,147.07,154.9,115.5,122.6,132.52,95685.10920678,13613.0
1517875200,122.6,148.0,103.02,141.91,122.04,117695.52556635,19069.0
1517961600,141.91,159.49,129.94,137.5,145.69,67373.68440756,11764.0
1518048000,137.44,151.0,137.3,149.5,145.98,31067.46628134,5618.0
1518134400,149.5,164.83,141.9,164.83,153.26,26454.49743656,5745.0
1518220800,164.83,169.54,147.01,154.51,160.25,32066.84211093,6439.0
1518307200,155.18,155.79,140.75,148.4,148.38,21051.88214977,3787.0
1518393600,148.4,163.67,148.4,161.64,158.62,24910.01975718,4243.0
1518480000,161.64,162.31,152.76,158.82,157.45,11608.8567934,2677.0
1518566400,159.42,220.79,159.42,212.79,193.08,94956.7798972,16308.0
1518652800,212.79,236.86,207.64,222.07,223.37,79096.42514592,14841.0
1518739200,222.65,236.9,210.01,228.88,222.66,41720.4213712,8197.0
1518825600,228.88,234.0,225.0,229.96,228.87,21181.00034894,5176.0
1518912000,229.96,232.0,212.48,214.3,223.42,30653.01022976,7033.0
1518998400,214.33,226.99,214.2,222.68,223.06,16314.43869642,5156.0
1519084800,222.68,252.63,221.09,228.85,239.24,55536.81957813,10087.0
1519171200,228.71,232.56,205.01,210.36,217.89,37877.85593849,9261.0
1519257600,210.36,222.45,188.03,193.24,202.6,33907.72277616,6926.0
1519344000,193.24,215.72,182.0,207.13,199.5,44314.52904274,8650.0
1519430400,206.6,218.52,194.67,206.34,205.37,34705.77814684,6265.0
1519516800,206.34,223.28,200.01,218.27,211.25,41944.69296307,7348.0
1519603200,218.27,262.0,214.5,218.78,224.18,63894.88425691,10576.0
1519689600,218.49,223.75,212.15,215.0,217.39,20469.16575087,3965.0
1519776000,215.0,223.99,201.03,201.84,211.77,19204.59127652,4150.0
1519862400,201.84,215.5,200.3,209.05,208.73,21951.59715268,4545.0
1519948800,209.15,213.77,203.95,212.31,207.78,9810.02223194,2418.0
1520035200,212.31,218.1,208.72,209.81,214.88,18736.23662651,4120.0
1520121600,209.81,215.42,204.62,213.7,209.27,13227.98650215,2707.0
1520208000,213.91,216.4,208.25,210.5,212.56,9991.84539682,3061.0
1520294400,210.5,210.5,191.79,195.54,201.14,20116.5097974,4384.0
1520380800,195.54,199.75,174.3,185.45,185.0,38703.38435065,6585.0
1520467200,185.45,189.0,174.5,175.35,179.78,33827.48282617,5534.0
1520553600,175.35,190.0,159.11,185.99,173.94,56394.97163086,8680.0
1520640000,185.99,195.2,174.31,176.47,185.79,20649.18285963,4371.0
1520726400,176.47,193.81,170.6,188.36,182.39,37128.03983424,5768.0
1520812800,188.36,193.0,173.81,177.68,182.83,23035.8700465,4980.0
1520899200,177.62,182.0,171.0,175.35,175.85,18010.76372096,3822.0
1520985600,175.35,177.72,156.18,160.24,164.6,25029.9153438,5283.0
1521072000,160.24,167.35,150.0,163.48,158.94,30154.95285569,5337.0
1521158400,163.48,171.72,157.82,164.65,164.71,16167.50490148,3509.0
1521244800,164.64,165.35,150.4,152.24,158.05,19835.14620735,3310.0
1521331200,152.24,156.8,137.01,153.24,145.27,42567.41058897,5902.0
1521417600,153.24,163.81,150.62,161.23,156.79,23841.13608207,5084.0
1521504000,161.23,173.37,155.31,168.73,163.97,24260.20771496,4821.0
1521590400,168.73,175.17,165.45,168.67,170.88,22322.2432335,4765.0
1521676800,168.42,172.34,159.49,163.34,165.44,16028.96461796,2814.0
1521763200,163.31,168.82,156.67,168.82,160.67,14088.77266777,3120.0
1521849600,168.82,169.8,158.29,158.29,164.68,9776.83229868,2392.0
1521936000,158.29,162.92,157.13,160.17,159.7,7333.26243489,1957.0
1522022400,160.17,160.7,141.7,148.1,148.59,30351.65292706,4622.0
1522108800,148.1,149.32,134.62,134.62,140.48,33813.37316994,4856.0
1522195200,134.62,139.64,130.11,131.54,134.09,19092.29656382,3326.0
1522281600,131.54,132.35,112.02,114.4,119.72,54550.96569902,7156.0
1522368000,114.4,125.94,109.0,118.07,116.71,32878.6700365,5964.0
1522454400,118.07,124.41,115.17,115.84,119.83,16700.11751185,3070.0
1522540800,115.84,117.59,109.33,115.0,112.98,17223.98337769,3023.0
1522627200,115.0,122.0,114.25,118.89,119.33,20007.88087895,2415.0
1522713600,118.89,159.65,117.99,133.87,128.33,32880.33668456,4733.0
1522800000,133.87,134.64,115.07,118.29,122.1,31652.00028994,6553.0
1522886400,118.29,122.0,113.15,118.39,118.24,21421.24889443,4570.0
1522972800,118.39,120.11,111.63,112.79,113.96,16531.93501833,2490.0
1523059200,112.79,119.85,112.69,115.97,117.41,13624.10684143,3443.0
1523145600,115.97,118.37,114.95,117.75,116.72,7905.66123837,1306.0
1523232000,117.75,122.78,112.69,114.85,116.9,18246.06998255,2928.0
1523318400,114.85,115.04,111.55,113.96,113.33,7547.37853372,2499.0
1523404800,113.96,119.76,113.1,117.97,115.27,10230.2757968,2091.0
1523491200,117.97,130.89,113.12,129.9,121.29,41789.18307045,6214.0
1523577600,129.9,133.73,124.0,125.21,129.09,33600.38600516,4706.0
1523664000,125.21,130.0,124.58,126.13,127.01,11284.21417976,1815.0
1523750400,126.13,134.68,126.13,132.84,130.97,14409.75950022,2051.0
1523836800,132.84,133.29,125.15,128.78,127.71,15778.73175864,2133.0
1523923200,128.78,140.12,128.73,132.59,135.14,25237.40931796,3822.0
1524009600,132.14,141.63,131.91,140.21,137.06,15670.94960006,3037.0
1524096000,140.21,147.63,138.82,146.53,142.43,14356.99050269,3572.0
1524182400,146.53,156.6,143.25,155.55,149.98,29393.52178444,5579.0
1524268800,156.0,157.05,141.4,148.97,149.43,20129.25456202,4253.0
1524355200,148.97,153.75,144.99,146.72,149.6,13929.92605564,2961.0
1524441600,146.72,153.86,146.64,152.59,151.33,12709.31683012,2845.0
1524528000,152.59,166.21,152.59,165.27,161.69,28929.50758419,6581.0
1524614400,165.27,165.27,142.66,144.63,151.17,46810.39034959,8614.0
1524700800,144.7,154.48,141.96,153.3,146.19,12698.91977322,4134.0
1524787200,153.43,153.83,145.03,146.02,150.07,14445.26718225,2856.0
1524873600,146.02,153.5,145.0,151.62,150.14,18566.05814356,3274.0
1524960000,151.62,156.19,147.94,153.44,152.26,11982.9378326,2893.0
1525046400,153.44,154.49,146.82,148.38,150.28,10962.90644272,2503.0
1525132800,148.41,148.87,143.22,148.34,145.19,23171.44580072,3713.0
1525219200,147.99,153.94,146.18,151.5,148.72,9080.2794069,2345.0
1525305600,151.47,164.89,150.43,161.39,158.33,25695.35725103,5124.0
1525392000,161.25,171.84,157.97,169.0,162.77,25597.61807429,4478.0
1525478400,168.95,183.01,167.85,177.56,175.44,25392.29836118,5115.0
1525564800,177.56,183.57,165.05,171.56,171.63,19307.13855935,4339.0
1525651200,171.55,171.7,157.55,164.43,163.88,29248.98620505,4725.0
1525737600,164.29,168.46,156.9,158.8,160.45,20294.20418841,3592.0
1525824000,158.8,160.22,150.98,156.45,155.78,12299.23724212,3085.0
1525910400,156.45,160.49,147.67,148.18,153.95,10148.92750563,2552.0
1525996800,148.18,148.41,133.2,135.86,141.49,28237.87153427,6124.0
1526083200,135.86,144.46,131.3,141.47,138.75,12536.07202265,3450.0
1526169600,141.47,146.76,136.42,144.31,142.17,8157.35883171,2444.0
1526256000,144.31,153.12,134.64,147.45,146.23,26560.29249894,4446.0
1526342400,147.45,149.61,137.51,139.19,143.33,9940.04135863,2803.0
1526428800,139.19,140.81,134.34,139.2,137.25,10912.79775342,2637.0
1526515200,139.21,140.99,131.37,132.08,136.6,10490.01982525,2117.0
1526601600,132.08,137.71,128.89,135.97,132.45,14569.3326024,3033.0
1526688000,135.97,137.73,133.1,135.11,135.43,4053.20513158,1460.0
1526774400,134.83,141.01,132.5,140.1,138.92,6885.71785658,1775.0
1526860800,140.1,140.1,133.27,134.18,136.06,4762.76864249,1352.0
1526947200,134.18,136.08,126.94,128.24,131.62,5024.12295577,1551.0
1527033600,128.19,129.17,116.12,118.61,121.57,13678.24549837,3269.0
1527120000,118.31,124.65,114.94,122.65,119.78,9236.87150709,3251.0
1527206400,122.65,124.21,117.01,119.0,119.92,6022.35352712,1999.0
1527292800,119.0,122.38,117.46,118.2,120.22,2284.17855901,1458.0
1527379200,118.24,118.67,116.28,117.71,117.17,3914.29836889,1073.0
1527465600,117.71,119.06,110.22,111.11,113.61,13722.61259993,2420.0
1527552000,111.11,122.7,109.35,119.27,117.05,11801.23520663,2670.0
1527638400,119.28,122.63,114.98,117.2,118.1,10155.61389163,2005.0
1527724800,117.2,120.99,116.12,118.18,118.94,6031.67412092,1725.0
1527811200,118.18,120.25,116.68,119.76,118.67,6510.33745402,1899.0
1527897600,119.76,124.52,118.62,123.33,122.07,7804.24297819,2605.0
1527984000,123.33,127.9,122.21,125.2,125.9,9739.45059748,2172.0
1528070400,125.2,126.77,118.0,119.66,120.88,8734.39427486,2261.0
1528156800,119.66,122.33,116.02,122.0,119.06,7897.74343113,2146.0
1528243200,122.0,122.73,118.33,121.34,121.0,6039.93759476,2084.0
1528329600,121.34,123.38,119.16,121.27,121.44,5984.18764737,1687.0
1528416000,121.27,122.06,118.27,119.94,119.64,3739.43375393,1615.0
1528502400,119.94,120.81,116.41,117.29,118.84,4815.06798534,1270.0
1528588800,117.29,117.29,102.87,106.35,108.57,25973.62059124,4142.0
1528675200,106.35,108.5,103.0,107.07,105.58,16891.39199659,3095.0
1528761600,107.07,108.0,97.46,99.94,102.08,13850.87127411,2525.0
1528848000,99.94,100.1,88.69,93.74,93.4,21884.83121293,3039.0
1528934400,93.74,102.88,92.56,100.89,97.58,11514.31168974,2590.0
1529020800,100.89,100.91,94.76,95.45,97.83,7811.66865741,1637.0
1529107200,95.45,97.41,92.79,97.26,95.94,7680.22371739,1422.0
1529193600,97.26,97.98,94.55,94.93,96.63,3434.80669303,1139.0
1529280000,94.93,99.92,93.11,98.78,96.51,9963.27542616,1919.0
1529366400,98.82,101.52,96.98,98.61,98.72,6592.0131394,1500.0
1529452800,98.61,98.94,95.24,97.99,96.8,4650.29715192,1205.0
1529539200,97.99,99.27,96.0,96.61,97.53,3633.40509577,1023.0
1529625600,96.61,96.82,80.31,84.77,86.66,17733.52097656,3064.0
1529712000,84.77,86.79,81.57,82.9,83.85,4435.69561126,1042.0
1529798400,82.9,83.74,73.33,80.53,78.67,19617.7864455,3023.0
1529884800,80.53,84.24,78.82,81.51,81.67,13901.72703024,2531.0
1529971200,81.51,82.43,75.46,75.65,79.31,6829.20455269,1642.0
1530057600,75.65,81.87,75.0,80.78,78.97,8408.20998739,1722.0
1530144000,80.78,81.34,73.93,74.11,77.58,6621.84059254,1626.0
1530230400,74.11,80.67,72.58,78.96,75.86,13737.84830474,1540.0
1530316800,79.0,84.07,79.0,81.06,81.63,9397.22576182,1422.0
1530403200,81.06,81.44,77.82,79.85,79.42,3374.80682541,725.0
1530489600,79.85,86.74,78.42,85.39,82.69,8506.16972945,1744.0
1530576000,85.39,89.88,84.07,85.0,86.92,12005.19369444,2192.0
1530662400,85.0,89.23,83.34,84.99,85.86,6203.90846177,1563.0
1530748800,84.99,86.83,81.92,83.21,84.44,8257.6868777,1728.0
1530835200,83.21,84.25,80.71,83.4,82.33,5452.30782598,1163.0
1530921600,83.4,85.28,79.53,84.98,81.79,6690.53975668,1170.0
1531008000,84.98,86.01,81.93,82.22,84.23,4711.41927704,1126.0
1531094400,82.22,83.01,80.06,80.12,81.68,5086.06354779,1113.0
1531180800,80.12,80.41,74.5,75.97,77.3,8764.00484584,1299.0
1531267200,75.97,80.84,75.54,78.1,77.54,8438.55743381,1503.0
1531353600,78.1,78.11,74.35,76.85,75.78,4320.84985484,1238.0
1531440000,76.84,78.44,75.25,76.6,76.9,10504.82878378,1591.0
1531526400,76.6,77.49,75.57,76.37,76.34,2161.31148867,1076.0
1531612800,76.37,79.4,75.32,78.48,76.82,5069.31638128,974.0
1531699200,78.49,84.12,77.58,83.95,82.07,10040.89962349,2037.0
1531785600,83.95,90.23,81.35,88.69,86.92,12428.01460882,3226.0
1531872000,88.69,94.48,85.2,86.24,90.72,14245.83975777,3665.0
1531958400,86.24,88.74,85.0,86.1,86.85,6411.12803301,2422.0
1532044800,86.1,86.58,81.1,81.63,83.83,10934.74532437,2345.0
1532131200,81.63,84.61,79.28,83.49,82.78,8789.29903613,1821.0
1532217600,83.29,83.99,81.55,82.33,83.15,5036.86106643,1146.0
1532304000,82.33,85.71,81.27,81.52,83.76,7053.2461371,1995.0
1532390400,81.52,89.61,80.94,89.24,85.64,15192.51369404,3447.0
1532476800,89.24,90.57,84.81,86.22,87.14,7306.20384235,2074.0
1532563200,86.22,87.89,82.78,83.56,85.81,5556.17498682,1480.0
1532649600,83.27,84.96,81.38,84.2,83.23,6152.75227243,1777.0
1532736000,84.2,84.54,82.43,84.21,83.55,2817.14976806,620.0
1532822400,84.21,85.09,83.34,83.92,84.1,2455.50472243,760.0
1532908800,83.92,84.59,79.73,82.27,81.61,7730.38571097,1643.0
1532995200,82.27,82.44,76.15,78.75,78.37,9043.72086512,1670.0
1533081600,78.75,78.92,75.57,77.48,77.29,6121.76926264,1394.0
1533168000,77.48,78.26,75.54,76.12,76.49,4108.71727919,901.0
1533254400,76.03,77.98,74.76,77.68,75.98,6095.13265244,1585.0
1533340800,77.68,78.0,72.14,73.05,74.47,4193.09748996,1236.0
1533427200,73.05,74.67,72.41,74.56,73.68,2173.02742794,1175.0
1533513600,74.56,76.73,72.38,73.57,74.59,4334.34512512,1542.0
1533600000,73.57,75.0,66.79,67.35,70.94,10415.93262418,2490.0
1533686400,67.35,67.47,61.0,62.09,64.61,19355.56532938,3067.0
1533772800,62.09,64.99,60.28,63.28,63.09,9962.77265414,1612.0
1533859200,63.28,63.28,58.16,58.92,61.12,10443.58684391,2682.0
1533945600,58.92,59.99,55.12,57.75,57.19,15239.21810332,2421.0
1534032000,57.75,61.66,57.23,59.32,59.59,6395.84046649,4331.0
1534118400,59.32,60.5,55.66,56.5,57.34,6887.44787895,1215.0
1534204800,56.5,56.5,49.36,54.35,51.98,26079.41105853,2553.0
1534291200,54.35,59.31,53.89,54.32,55.89,25965.42558815,2282.0
1534377600,54.32,57.61,54.13,55.32,55.75,9295.41577656,1259.0
1534464000,55.32,61.9,55.02,61.9,58.32,10351.73877532,1461.0
1534550400,61.86,62.22,55.35,57.19,58.04,5899.1098762,1099.0
1534636800,57.19,58.91,56.33,57.86,57.53,3100.52078965,692.0
1534723200,57.86,58.63,53.21,53.41,55.39,14197.59998055,2489.0
1534809600,53.41,56.71,53.26,56.4,55.05,5785.79183637,1811.0
1534896000,56.4,59.26,53.88,55.18,56.21,17021.81123671,2512.0
1534982400,55.18,57.81,54.9,57.26,55.96,4836.55362897,1598.0
1535068800,57.26,58.21,55.64,57.94,57.2,4129.56493686,1275.0
1535155200,57.94,58.37,57.06,57.94,57.88,1862.52403351,859.0
1535241600,57.85,58.0,55.92,57.02,56.64,3326.81195869,1142.0
1535328000,57.02,61.02,56.6,60.5,58.63,7090.03278152,914.0
1535414400,60.5,63.7,59.75,63.14,61.43,7630.08163296,1057.0
1535500800,63.14,63.35,60.27,61.5,61.87,7443.48676032,1096.0
1535587200,61.29,61.6,58.61,60.12,59.94,5276.61498359,774.0
1535673600,60.12,62.61,59.44,62.16,60.75,5893.86908309,908.0
1535760000,62.16,67.72,62.07,66.44,64.46,10467.49654636,2656.0
1535846400,66.44,67.0,64.15,66.29,65.6,5251.87648503,1838.0
1535932800,66.2,66.36,64.34,65.23,65.05,4907.50507569,916.0
1536019200,65.23,69.27,65.23,67.6,67.45,7472.46722307,1415.0
1536105600,67.6,68.09,57.4,57.58,62.28,19260.59556647,2691.0
1536192000,57.58,57.64,53.9,57.42,55.56,13772.67414273,2211.0
1536278400,57.42,58.27,55.06,55.67,56.45,4537.37822244,1356.0
1536364800,55.67,57.15,51.9,53.09,53.52,4909.84499582,1427.0
1536451200,53.09,56.59,52.06,54.54,54.35,5853.22790154,1744.0
1536537600,54.56,56.39,53.05,54.29,54.32,6143.37766496,1671.0
1536624000,54.29,54.71,50.0,51.9,52.7,9986.90616135,1886.0
1536710400,51.9,52.0,47.04,51.71,49.65,14795.62481473,2521.0
1536796800,51.71,55.28,51.7,54.61,53.81,13194.35581019,2325.0
1536883200,54.51,58.92,52.88,56.57,55.79,12520.57628893,2541.0
1536969600,56.57,58.72,55.72,56.28,57.37,4437.43762278,1639.0
1537056000,56.28,57.42,54.28,56.71,56.1,4209.31572019,1556.0
1537142400,56.71,57.91,51.31,52.19,54.34,11998.17849274,2318.0
1537228800,52.07,55.38,50.51,54.34,52.28,10071.9098045,2031.0
1537315200,54.03,55.03,51.54,54.2,53.63,8585.87656248,2019.0
1537401600,54.2,57.35,53.36,56.54,54.65,8525.63361342,1757.0
1537488000,56.54,63.0,56.3,61.0,58.72,27111.14476519,4103.0
1537574400,61.0,61.74,58.05,60.54,60.27,9261.15161743,1604.0
1537660800,60.54,63.81,59.88,61.39,61.94,10417.23644789,1709.0
1537747200,61.35,61.5,57.14,57.93,58.7,11449.23573666,1506.0
1537833600,57.93,58.02,54.35,57.55,56.1,10676.94919395,1509.0
1537920000,57.49,59.79,56.26,57.17,58.27,13025.2986746,1109.0
1538006400,57.24,65.29,56.66,63.26,61.82,21395.0310726,2201.0
1538092800,63.28,64.79,60.05,61.8,62.29,16274.21038404,1856.0
1538179200,61.8,62.07,58.81,61.48,60.69,8230.63121897,1482.0
1538265600,61.12,62.77,59.7,60.96,60.82,8109.4349221,1011.0
1538352000,60.96,61.82,59.08,60.29,60.18,9359.21809178,1249.0
1538438400,60.45,61.46,58.67,59.15,60.15,4359.474024,874.0
1538524800,59.14,59.2,56.5,57.23,57.58,8337.84836084,1060.0
1538611200,57.16,58.84,56.52,57.97,58.12,8468.43595009,607.0
1538697600,57.97,59.22,57.28,58.55,57.91,4490.12419401,666.0
1538784000,58.55,58.73,56.75,57.61,57.43,3697.57159026,451.0
1538870400,57.61,58.3,56.6,57.95,57.54,3726.58064935,378.0
1538956800,57.95,59.68,57.37,59.15,58.89,4849.83196323,539.0
1539043200,59.15,59.25,57.69,58.48,58.51,3870.01668887,445.0
1539129600,58.48,58.52,56.67,57.58,57.31,8044.33905203,645.0
1539216000,57.54,57.54,49.82,50.62,52.0,20734.52205371,2343.0
1539302400,50.62,53.22,49.82,52.84,51.82,11354.0983249,1048.0
1539388800,52.84,53.88,52.42,52.84,53.02,5258.67125993,668.0
1539475200,52.84,53.35,50.85,51.14,52.07,5024.06525088,625.0
1539561600,51.14,58.09,50.86,53.48,53.71,38150.19831845,3528.0
1539648000,53.48,54.19,52.54,53.1,53.35,11349.66232267,702.0
1539734400,53.1,53.22,52.3,52.93,52.69,4882.80293635,605.0
1539820800,52.93,53.33,50.95,51.76,52.05,6978.55219889,728.0
1539907200,51.76,53.12,51.48,52.49,52.41,3813.93191981,523.0
1539993600,52.49,52.98,52.0,52.86,52.55,2055.60883316,302.0
1540080000,52.86,53.26,52.15,52.25,52.77,2124.04371625,316.0
1540166400,52.25,52.55,51.5,51.75,51.94,4217.10014747,484.0
1540252800,51.76,52.53,51.29,52.07,51.77,3693.07947791,429.0
1540339200,52.07,52.57,51.78,51.91,52.12,2327.49287687,362.0
1540425600,51.91,51.99,51.53,51.61,51.74,2052.15501753,269.0
1540512000,51.61,52.27,51.1,51.61,51.63,4435.97118042,829.0
1540598400,51.61,51.79,51.33,51.53,51.53,2282.15865044,358.0
1540684800,51.53,51.72,51.17,51.41,51.44,2390.98019968,272.0
1540771200,51.41,51.54,47.4,48.52,49.04,12934.30731581,1055.0
1540857600,48.51,49.19,48.44,48.86,48.79,2826.82886365,369.0
1540944000,48.86,50.27,47.83,49.42,49.16,6279.40955226,532.0
1541030400,49.42,50.33,49.41,50.15,49.72,3501.76327499,393.0
1541116800,50.15,51.62,50.15,51.05,50.86,5241.57785942,703.0
1541203200,51.05,51.24,50.29,50.66,50.88,2463.65310147,261.0
1541289600,50.66,55.81,50.48,54.04,53.71,11761.12559944,1207.0
1541376000,54.04,54.63,52.7,53.48,53.27,8076.71216277,1375.0
1541462400,53.48,56.01,53.41,55.91,54.4,7177.50075788,1705.0
1541548800,55.91,56.33,53.2,53.88,54.95,6067.04164045,1643.0
1541635200,53.88,54.46,51.9,52.12,53.07,5739.2975606,1069.0
1541721600,52.12,52.5,51.11,51.65,51.84,4679.14933406,953.0
1541808000,51.65,52.35,51.52,51.75,51.91,2650.75630629,868.0
1541894400,51.75,51.88,49.5,50.89,50.66,5222.32281773,512.0
1541980800,50.89,51.25,49.94,50.23,50.45,2740.784021,360.0
1542067200,50.23,50.42,48.23,48.91,49.48,4975.54548332,536.0
1542153600,48.9,49.91,40.22,42.75,43.12,45282.73254281,5233.0
1542240000,42.75,43.67,39.66,43.38,42.09,22650.82719476,2355.0
1542326400,43.38,43.57,41.35,41.74,42.35,11031.03676769,1245.0
1542412800,41.74,41.8,41.12,41.44,41.46,8515.32551588,879.0
1542499200,41.6,43.01,41.59,41.8,41.96,6270.00165036,582.0
1542585600,41.77,41.77,35.0,35.81,37.59,33116.68643306,3199.0
1542672000,35.81,37.45,30.23,32.33,33.23,65477.46830613,6178.0
1542758400,32.36,34.37,31.0,34.37,32.83,26853.08361406,3117.0
1542844800,34.37,34.54,31.1,31.38,33.29,16969.29459519,1272.0
1542931200,31.38,32.77,30.31,31.77,31.43,22875.16843202,1976.0
1543017600,31.77,32.9,27.88,28.59,29.56,28592.73779318,2761.0
1543104000,28.59,32.21,26.33,30.39,28.6,52945.58552675,4014.0
1543190400,30.39,31.73,27.55,29.05,29.74,39380.23447382,2618.0
1543276800,29.05,31.3,28.22,30.8,29.6,21275.18298188,1790.0
1543363200,30.8,35.93,30.7,34.36,33.63,30017.57285213,2845.0
1543449600,34.36,35.42,32.79,33.48,33.86,22043.59723375,2217.0
1543536000,33.48,34.11,30.72,31.65,32.37,23318.83080832,2024.0
1543622400,31.65,37.0,30.96,33.77,33.15,19474.35310097,1655.0
1543708800,33.77,34.67,32.74,33.32,33.6,14135.67299351,1298.0
1543795200,33.33,33.44,29.55,30.48,31.2,24597.78868901,1555.0
1543881600,30.48,31.88,29.5,30.69,30.84,13557.58457549,1000.0
1543968000,30.69,30.98,28.64,28.7,29.71,13253.7812257,1004.0
1544054400,28.7,30.14,25.8,26.2,27.93,25852.17366546,2412.0
1544140800,26.2,26.31,22.25,24.79,24.57,50105.07004335,3994.0
1544227200,24.79,26.42,22.87,24.2,24.39,34673.07291325,2868.0
1544313600,24.2,26.58,24.13,25.29,25.06,33196.33618174,2950.0
1544400000,25.29,25.63,23.47,23.98,24.33,26283.78491626,2912.0
1544486400,23.98,24.37,22.74,23.17,23.44,24209.90664051,1731.0
1544572800,23.17,24.93,23.02,24.01,24.22,25164.55606135,1559.0
1544659200,24.01,24.15,22.68,22.82,23.38,16331.08325032,872.0
1544745600,22.82,23.47,22.26,23.13,22.87,32417.4631701,1783.0
1544832000,23.13,23.78,22.87,23.34,23.27,15924.65196273,1072.0
1544918400,23.34,26.59,23.34,25.2,25.68,29781.67750078,2307.0
1545004800,25.21,30.32,25.18,28.87,28.36,49808.92450328,3309.0
1545091200,28.87,30.21,27.65,30.0,28.93,17880.12299149,1307.0
1545177600,30.0,31.56,28.6,29.02,30.22,40906.03764335,2122.0
1545264000,29.02,33.1,28.7,32.45,31.39,40679.94529569,2449.0
1545350400,32.45,33.04,29.57,30.28,31.09,30663.02239645,2541.0
1545436800,30.28,31.65,29.78,31.65,30.58,21509.44991114,2948.0
1545523200,31.65,33.84,31.45,33.08,32.78,26756.0193757,2514.0
1545609600,33.08,36.61,32.52,32.97,34.89,60812.00914176,5809.0
1545696000,32.97,33.02,29.74,30.71,30.68,36111.44224757,2998.0
1545782400,30.71,31.88,28.92,30.54,30.22,30035.51285206,2399.0
1545868800,30.54,31.07,27.47,27.75,28.92,30412.09216343,2906.0
1545955200,27.75,33.55,27.75,32.14,30.84,37234.00233044,2882.0
1546041600,32.14,33.17,30.2,30.44,31.92,18009.31030229,2843.0
1546128000,30.44,31.94,30.03,31.58,31.22,13602.34018818,1175.0
1546214400,31.58,31.69,29.43,29.77,30.41,17166.77314038,1680.0
1546300800,29.77,32.04,29.53,31.7,30.67,14134.88794665,1044.0
1546387200,31.7,33.55,31.4,32.97,32.27,16381.59961731,1632.0
1546473600,32.97,33.09,30.99,31.56,31.96,8157.50547217,1609.0
1546560000,31.56,32.67,31.01,32.11,31.87,11632.73579456,1148.0
1546646400,32.09,36.11,32.06,34.51,34.46,30793.16871035,2660.0
1546732800,34.51,40.09,34.15,38.88,37.49,43961.15302903,4873.0
1546819200,38.88,39.47,37.21,37.61,38.14,20233.17280799,3387.0
1546905600,37.61,41.19,37.52,39.12,39.67,46618.16701009,4088.0
1546992000,39.09,39.97,38.41,38.5,39.14,14125.14930999,1387.0
1547078400,38.5,39.18,32.0,33.37,34.9,63055.0996283,3250.0
1547164800,33.37,33.64,31.01,31.7,32.4,32161.06971329,2144.0
1547251200,31.7,32.35,31.5,32.01,31.95,11015.57540704,940.0
1547337600,32.01,32.83,29.61,29.81,31.08,19721.27914374,1179.0
1547424000,29.81,32.82,29.77,32.0,31.56,13733.5644709,1103.0
1547510400,32.0,32.45,30.35,31.05,31.63,18309.00186423,1072.0
1547596800,31.02,32.17,30.78,31.37,31.22,10021.02181525,755.0
1547683200,31.56,31.68,29.91,31.64,30.87,16010.27304274,1053.0
1547769600,31.64,31.69,30.57,30.85,31.1,12789.74916009,858.0
1547856000,30.85,33.12,30.85,32.2,32.15,14478.16294674,1037.0
1547942400,32.21,33.03,30.31,30.57,31.26,15150.39700873,926.0
1548028800,30.64,31.24,30.47,30.91,30.76,7129.01013554,594.0
1548115200,30.91,32.49,29.39,31.5,31.14,24697.79566048,1163.0
1548201600,31.5,32.21,31.26,31.66,31.7,10593.51890239,644.0
1548288000,31.66,33.06,31.04,32.43,32.32,12864.5788058,763.0
1548374400,32.43,32.96,31.88,32.7,32.28,18012.79011278,743.0
1548460800,32.7,33.93,32.56,32.7,33.08,12715.92199378,878.0
1548547200,32.7,32.96,31.21,32.01,32.3,8777.73681324,721.0
1548633600,32.01,32.2,29.89,30.88,30.95,11583.31733054,911.0
1548720000,30.99,31.16,29.92,30.67,30.63,11190.10224187,750.0
1548806400,30.69,31.75,30.4,31.54,31.24,8688.6349123,797.0
1548892800,31.54,32.21,30.9,31.18,31.61,13506.59488429,800.0
1548979200,31.18,33.24,30.5,32.43,31.88,32109.61894886,1562.0
1549065600,32.43,34.61,32.2,34.17,33.18,16891.4658298,916.0
1549152000,34.17,34.54,32.61,33.07,33.56,15920.85933022,976.0
1549238400,33.07,34.2,33.07,33.61,33.69,12364.19653688,818.0
1549324800,33.61,34.06,33.26,33.94,33.8,14451.75214381,855.0
1549411200,33.94,34.14,30.58,32.42,32.23,33802.82688043,1577.0
1549497600,32.42,33.16,32.39,32.83,32.78,7925.96396162,584.0
1549584000,32.83,44.57,32.52,42.52,39.45,117158.07195752,6532.0
1549670400,42.52,46.09,41.81,44.3,43.63,55204.58779029,3433.0
1549756800,44.3,46.99,41.83,46.43,44.6,51362.67203351,2883.0
1549843200,46.43,46.51,37.5,42.37,43.5,47813.99474022,2795.0
1549929600,42.37,44.05,41.52,43.25,43.11,19639.21241108,1520.0
1550016000,43.25,44.13,40.26,41.27,41.9,25773.96555205,1631.0
1550102400,41.27,42.0,39.9,40.96,41.14,16054.47308422,1289.0
1550188800,40.96,44.37,40.72,42.12,41.93,24032.03800349,1668.0
1550275200,42.16,44.04,41.75,42.96,43.18,22896.66655513,1456.0
1550361600,42.96,45.0,42.01,43.35,43.16,21009.95680258,1442.0
1550448000,43.35,48.71,43.2,47.4,45.75,53029.13239384,3420.0
1550534400,47.47,48.89,46.44,46.9,47.51,23443.79522697,1859.0
1550620800,46.85,52.25,46.1,51.13,49.62,50718.23177795,3036.0
1550707200,51.13,51.16,47.45,48.43,49.11,28161.06667577,1704.0
1550793600,48.43,49.4,47.7,49.01,48.8,24300.55126124,1611.0
1550880000,49.01,51.83,47.8,51.24,49.94,37278.48385683,2376.0
1550966400,51.24,53.41,42.44,43.54,46.51,90628.71121531,5035.0
1551052800,43.54,46.74,43.48,45.31,45.35,32527.85947598,2259.0
1551139200,45.3,45.73,44.07,44.72,44.74,14911.39758287,1050.0
1551225600,44.72,45.34,42.33,44.94,44.15,17383.48304947,1430.0
1551312000,44.94,46.44,44.44,45.35,45.64,14127.67674435,1479.0
1551398400,45.35,48.86,45.29,46.83,47.5,19129.41590723,1648.0
1551484800,46.83,49.1,46.25,48.28,47.59,8209.30043204,1217.0
1551571200,48.31,48.73,46.88,47.58,48.09,8431.20627131,1109.0
1551657600,47.58,47.86,44.65,45.62,45.81,18984.78992497,1514.0
1551744000,45.62,54.23,45.21,52.42,51.05,38454.86387785,3594.0
1551830400,52.42,56.39,51.17,55.16,54.07,23779.21416079,2551.0
1551916800,55.16,58.71,53.8,56.4,56.18,35480.85930271,3880.0
1552003200,56.4,57.29,54.09,55.29,55.8,23607.94435183,2198.0
1552089600,55.29,59.0,55.19,57.48,57.23,24264.02081662,1808.0
1552176000,57.48,57.65,55.57,56.34,56.55,10598.26799322,991.0
1552262400,56.34,57.04,53.64,54.6,55.11,16973.35987791,1625.0
1552348800,54.6,56.62,52.07,56.21,54.54,17853.92772019,1597.0
1552435200,56.21,56.42,54.07,55.17,55.22,10736.46277892,853.0
1552521600,55.17,57.82,52.85,55.59,55.28,14182.85192974,1705.0
1552608000,55.59,58.63,55.59,58.18,57.26,12523.38033646,1932.0
1552694400,58.18,62.0,58.17,60.95,60.92,37270.84437262,2536.0
1552780800,60.95,60.99,59.09,60.28,60.04,23201.80376203,1409.0
1552867200,60.28,62.16,57.8,58.97,59.86,16145.37207909,2785.0
1552953600,58.97,59.63,58.17,59.32,59.04,16629.11697481,1699.0
1553040000,59.32,60.57,56.71,60.17,59.04,15814.90665528,1421.0
1553126400,60.17,60.49,57.23,58.44,58.82,13394.09517612,2164.0
1553212800,58.44,59.4,57.75,59.23,58.35,12775.99394419,2154.0
1553299200,59.23,61.27,58.86,60.61,60.31,11204.61406501,1748.0
1553385600,60.61,60.61,58.74,59.54,59.41,8404.48811007,1088.0
1553472000,59.54,60.28,57.77,58.69,58.83,9897.69999455,1628.0
1553558400,58.69,58.94,57.16,58.37,57.86,12425.60738797,1303.0
1553644800,58.37,61.5,58.31,61.35,60.29,17819.45939805,3109.0
1553731200,61.27,61.27,60.02,60.29,60.3,9521.50871899,837.0
1553817600,60.29,61.4,59.82,61.13,60.52,11129.4997345,1392.0
1553904000,61.13,61.33,59.63,60.26,60.45,4848.46911779,732.0
1553990400,60.26,60.47,59.66,60.29,60.1,4031.25530088,744.0
1554076800,60.29,60.74,59.92,60.36,60.43,5653.04564123,776.0
1554163200,60.36,79.06,60.18,77.6,69.25,77656.4352132,5336.0
1554249600,77.6,99.5,75.53,85.46,87.29,131688.60643122,10103.0
1554336000,85.46,90.32,80.46,84.8,84.84,35609.64330053,4455.0
1554422400,84.8,90.41,84.35,88.88,87.37,30645.58670288,3097.0
1554508800,88.79,97.7,85.44,92.31,92.19,41522.7679501,3574.0
1554595200,92.31,95.75,89.26,92.05,92.53,22154.15272271,1960.0
1554681600,92.05,94.21,86.6,89.45,89.54,36067.91621635,3372.0
1554768000,89.45,89.6,83.65,86.94,87.21,21055.3657855,2290.0
1554854400,86.94,92.58,86.6,88.41,89.09,26070.65572161,1951.0
1554940800,88.41,88.79,75.43,79.46,80.67,45766.8219886,4253.0
1555027200,79.35,80.9,75.72,78.97,78.25,18370.36194379,2320.0
1555113600,78.97,81.56,76.41,78.01,78.96,12244.90124862,1530.0
1555200000,78.01,83.8,76.5,83.65,79.47,10418.21064139,1349.0
1555286400,83.65,84.64,75.01,78.23,78.82,22727.18377763,2827.0
1555372800,78.23,81.78,77.27,80.92,79.57,15165.24084609,1607.0
1555459200,80.78,82.0,78.7,79.17,79.92,9358.46115526,837.0
1555545600,79.17,83.98,79.1,81.9,81.93,17558.25968285,1780.0
1555632000,81.9,83.55,80.0,82.47,81.67,12663.54531741,1777.0
1555718400,82.47,82.99,79.75,81.62,81.48,8444.81673376,1270.0
1555804800,81.62,82.2,73.5,77.19,76.33,27219.57143445,3068.0
1555891200,77.2,78.59,75.69,76.89,77.05,19410.53882794,1619.0
1555977600,76.89,79.67,73.92,74.18,77.04,21287.18245301,1810.0
1556064000,74.18,75.1,70.44,73.25,72.53,33630.46785655,2557.0
1556150400,73.25,74.66,68.91,70.46,71.55,34436.45699237,2013.0
1556236800,70.46,73.2,68.8,71.57,71.29,28964.24621746,1758.0
1556323200,71.57,71.7,70.26,70.5,71.03,6504.71788691,774.0
1556409600,70.5,70.72,67.02,67.88,68.53,10189.17826964,1140.0
1556496000,67.87,68.33,65.0,66.34,66.49,14854.56578595,1369.0
1556582400,66.34,73.88,66.34,73.51,70.71,19829.74083823,1888.0
1556668800,73.51,74.97,71.2,72.51,72.5,14305.33487839,1667.0
1556755200,72.51,73.39,71.5,72.38,72.37,9854.10940794,946.0
1556841600,72.38,79.85,72.01,77.81,76.72,41145.14294097,2248.0
1556928000,77.81,81.4,73.89,77.11,77.15,40310.72694991,2177.0
1557014400,77.11,77.24,74.51,74.91,76.0,13910.52342148,925.0
1557100800,74.91,76.07,71.02,74.21,73.52,24752.51367903,1776.0
1557187200,74.21,77.85,72.52,73.18,75.01,35576.86284127,1975.0
1557273600,73.18,74.87,71.95,73.79,73.09,27173.14686257,1537.0
1557360000,73.79,75.5,72.29,73.7,73.79,16749.81011417,1478.0
1557446400,73.7,79.16,72.44,76.86,76.07,30913.34758887,2306.0
1557532800,76.86,95.95,76.86,88.46,86.85,73219.56929231,6254.0
1557619200,88.46,94.32,82.88,84.44,88.0,79403.0875933,5573.0
1557705600,84.44,93.0,84.35,87.74,89.1,53081.74608465,5035.0
1557792000,87.74,94.26,86.13,91.54,90.11,54888.24609429,4273.0
1557878400,91.62,104.69,90.7,102.4,96.85,69467.96173836,4574.0
1557964800,102.4,107.34,90.64,95.72,98.95,70557.31671785,5655.0
1558051200,95.72,97.34,84.0,89.75,88.29,59389.78833861,5210.0
1558137600,89.75,90.49,85.36,86.81,87.73,10946.02419153,1335.0
1558224000,86.81,97.24,86.37,95.03,92.97,28420.96366287,2108.0
1558310400,95.03,95.03,87.23,91.9,91.22,29027.60473416,2299.0
1558396800,91.9,93.49,89.43,91.67,91.58,16898.91273272,1433.0
1558483200,91.67,92.37,85.64,87.73,88.98,38585.80066295,2580.0
1558569600,87.73,89.76,84.78,89.0,87.72,7958.74488608,1142.0
1558656000,89.0,103.99,88.27,100.58,98.46,38170.78514557,3594.0
1558742400,100.58,104.98,99.32,103.13,102.51,27758.50178868,1794.0
1558828800,103.13,114.81,99.5,112.64,105.99,45812.70799739,3698.0
1558915200,112.64,121.99,111.26,116.79,114.54,96005.97529486,4461.0
1559001600,116.79,118.05,111.62,114.94,114.27,24384.34255747,2049.0
1559088000,114.94,118.21,108.7,114.95,114.61,36109.37293028,3120.0
1559174400,114.95,121.0,101.89,108.07,112.1,76626.34069168,6372.0
1559260800,108.07,114.79,104.53,114.64,108.89,36459.23665069,2728.0
1559347200,114.64,116.02,110.83,112.5,113.13,21595.514117,1612.0
1559433600,112.5,116.77,111.85,114.51,114.47,15299.74153757,1415.0
1559520000,114.51,116.07,104.8,105.73,110.01,39210.66032775,3233.0
1559606400,105.73,106.28,98.0,101.9,102.97,89372.946987,7899.0
1559692800,101.9,105.2,100.17,103.91,102.81,28794.97982673,1994.0
1559779200,103.91,112.51,101.2,111.31,106.12,35306.1672733,2510.0
1559865600,111.31,121.57,109.83,117.14,115.93,45485.1138659,3911.0
1559952000,117.14,119.98,114.03,118.52,117.14,19260.83386212,1769.0
1560038400,118.52,119.36,111.51,114.67,115.2,31964.95251068,2217.0
1560124800,114.67,130.5,112.78,130.04,123.41,49944.74225408,4155.0
1560211200,130.04,138.82,125.14,136.26,131.85,40893.95719725,3463.0
1560297600,136.26,144.13,130.22,136.08,137.55,84540.28470358,5391.0
1560384000,136.08,136.97,128.01,130.85,132.94,44630.61245684,3288.0
1560470400,130.85,133.0,125.77,132.68,129.7,36257.62200308,2956.0
1560556800,132.68,140.0,132.68,138.2,136.37,30576.207388,2727.0
1560643200,138.2,138.9,133.89,136.71,136.12,32176.49092787,3073.0
1560729600,136.71,137.18,132.11,134.04,134.7,22357.47062191,2147.0
1560816000,134.04,136.89,128.84,135.29,132.87,30094.79973515,3048.0
1560902400,135.26,139.77,133.66,136.66,137.21,30015.49471438,2948.0
1560988800,136.66,137.1,133.4,135.84,135.19,23466.84275964,2070.0
1561075200,135.84,141.4,135.48,138.93,137.86,32703.23908583,3166.0
1561161600,138.85,145.63,136.57,141.2,141.2,55690.90608623,5326.0
1561248000,141.2,142.03,134.3,136.18,139.13,19846.71368505,4053.0
1561334400,136.18,136.23,131.01,135.29,134.19,24574.03410587,3383.0
1561420800,135.29,138.37,128.22,135.62,133.9,31019.77274024,2981.0
1561507200,135.62,138.1,125.06,130.61,133.59,91702.57665738,8979.0
1561593600,130.61,132.0,106.93,114.18,116.9,146530.43091804,12630.0
1561680000,114.18,121.75,112.44,119.66,116.85,45019.81885444,4030.0
1561766400,119.66,136.18,114.7,133.32,127.41,67547.61007195,6024.0
1561852800,133.32,136.67,119.66,122.0,128.91,82641.26040627,6035.0
1561939200,122.0,126.47,113.31,122.63,119.64,69133.64934671,5222.0
1562025600,122.63,123.37,111.89,118.55,116.32,66195.86568347,4711.0
1562112000,118.55,123.0,117.1,121.84,120.08,34079.68549005,2909.0
1562198400,121.68,127.32,118.43,119.85,122.92,40371.33246511,3138.0
1562284800,119.85,120.71,116.64,118.46,118.76,27226.05557287,1903.0
1562371200,118.46,122.13,117.26,118.37,119.53,17759.1876388,1309.0
1562457600,118.37,121.0,117.26,120.29,119.03,11187.23789118,1058.0
1562544000,120.29,125.6,118.33,123.49,120.87,28448.47521034,1786.0
1562630400,123.49,124.16,117.94,119.38,120.84,26697.03473017,2200.0
1562716800,119.38,120.52,71.0,108.26,109.43,91807.31831578,6744.0
1562803200,108.26,108.26,95.13,102.89,101.63,103152.14151214,7005.0
1562889600,102.89,106.96,100.75,105.09,104.23,39626.03849551,3215.0
1562976000,105.09,105.29,97.06,101.19,101.31,23986.53250821,2045.0
1563062400,101.12,101.8,88.0,89.23,93.38,36727.24332633,2608.0
1563148800,89.23,92.86,84.94,90.59,89.33,46369.61144751,3697.0
1563235200,90.59,91.98,76.5,79.35,83.43,100367.75040354,5502.0
1563321600,79.35,94.89,76.69,90.34,86.19,100451.26140011,6084.0
1563408000,90.34,104.64,87.28,100.97,97.05,102996.00276931,5675.0
1563494400,100.97,101.57,95.03,98.78,97.81,67200.78126198,3481.0
1563580800,98.78,106.0,97.78,100.54,101.1,44025.15272111,2437.0
1563667200,100.54,101.82,96.51,99.69,98.91,31111.24443263,2139.0
1563753600,99.69,100.99,91.1,95.22,94.96,45192.67500223,2802.0
1563840000,95.22,95.22,88.54,90.07,91.62,50460.67899857,2829.0
1563926400,90.07,97.31,86.59,94.45,91.44,67394.22388894,4705.0
1564012800,94.45,96.7,91.22,93.23,94.25,34033.58473859,2009.0
1564099200,93.23,94.58,90.25,94.39,92.68,32099.34487875,1714.0
1564185600,94.39,96.48,86.49,88.72,90.6,35282.91523195,3186.0
1564272000,88.72,90.81,81.5,89.95,87.64,38507.22772034,2619.0
1564358400,90.02,92.17,87.53,90.34,89.86,29947.84091634,1918.0
1564444800,90.34,92.7,88.61,90.21,90.63,16791.11559486,2154.0
1564531200,90.21,99.89,89.94,98.85,95.38,24751.17522607,1966.0
1564617600,98.85,100.72,95.79,98.94,98.3,24634.59500911,1745.0
1564704000,98.94,99.05,92.72,94.89,95.71,25575.53197084,1720.0
1564790400,94.89,96.57,93.56,94.16,95.36,17087.99502331,1147.0
1564876800,94.16,94.8,90.46,92.91,92.59,22420.66883483,1533.0
1564963200,92.91,106.93,92.91,96.21,99.14,71170.34896613,5051.0
1565049600,96.21,99.03,90.69,93.04,94.69,39336.14042738,3001.0
1565136000,93.04,94.35,87.0,90.32,90.81,35796.03084591,2652.0
1565222400,90.32,92.59,87.86,90.12,89.81,23795.12786579,2109.0
1565308800,90.12,90.32,82.47,84.29,85.53,30864.91003804,2446.0
1565395200,84.28,87.23,82.0,85.18,84.93,34287.16970523,3701.0
1565481600,85.18,91.24,85.18,89.87,88.25,19373.49677495,1859.0
1565568000,89.87,89.9,85.34,85.58,86.79,18418.51758472,1765.0
1565654400,85.58,86.46,83.07,84.3,84.58,19501.28908558,2066.0
1565740800,84.3,85.87,74.81,75.56,79.24,36300.85632747,2957.0
1565827200,75.56,77.56,71.0,76.26,74.63,46177.14984872,3385.0
1565913600,76.26,76.28,72.23,74.83,74.66,29223.61897183,2035.0
1566000000,74.83,75.45,71.7,72.69,73.49,16641.33909752,1261.0
1566086400,72.69,78.09,71.51,76.31,75.42,23887.69705314,1383.0
1566172800,76.31,78.91,75.61,77.12,76.96,18783.44363882,1301.0
1566259200,77.12,77.2,73.3,75.0,75.47,18825.82858952,1553.0
1566345600,75.0,75.33,70.04,72.94,72.4,28086.86112569,2367.0
1566432000,73.17,74.44,70.93,73.62,72.9,15646.72272076,1128.0
1566518400,73.62,76.03,72.53,75.53,74.51,10591.55510276,1225.0
1566604800,75.53,75.56,71.67,73.27,73.12,15416.05834789,1121.0
1566691200,73.27,74.95,70.66,72.33,72.74,17913.51088408,1355.0
1566777600,72.33,75.47,72.22,73.63,74.07,19384.60850672,1409.0
1566864000,73.63,73.63,72.01,72.8,72.74,10486.29843077,2269.0
1566950400,72.8,73.04,64.52,66.77,67.76,47071.74504383,4220.0
1567036800,66.77,66.77,62.12,63.45,64.42,37584.47215726,3535.0
1567123200,63.45,65.5,62.16,64.16,63.81,19800.16300142,1454.0
1567209600,64.16,65.36,62.43,64.29,63.65,12702.89703403,1062.0
1567296000,64.29,67.2,64.01,66.11,65.41,13743.78862202,884.0
1567382400,66.11,68.09,65.07,67.29,66.23,17122.80303273,1313.0
1567468800,67.29,70.94,66.71,69.07,68.7,21435.07917502,1340.0
1567555200,69.07,69.27,66.67,67.16,67.78,12950.00721011,1034.0
1567641600,67.16,67.4,64.31,65.39,65.48,14794.43639983,1373.0
1567728000,65.39,68.14,64.1,65.14,66.18,24249.97575594,1673.0
1567814400,65.14,70.51,64.67,68.82,68.13,19209.44247742,1565.0
1567900800,68.82,71.58,68.12,70.48,69.99,15995.95751184,1327.0
1567987200,70.48,71.33,67.87,70.1,69.59,13187.44748564,1190.0
1568073600,69.96,73.1,69.84,70.76,71.13,16277.83451047,1151.0
1568160000,70.76,71.41,68.18,69.74,69.84,11867.82193558,1184.0
1568246400,69.74,69.94,68.39,69.17,69.02,5858.98589715,776.0
1568332800,69.17,69.64,67.5,68.97,68.63,10430.34667263,933.0
1568419200,68.97,71.49,68.28,70.75,69.88,7495.96652421,685.0
1568505600,70.75,71.47,69.78,70.17,70.4,4880.3533398,446.0
1568592000,70.17,73.87,69.47,72.69,71.52,18056.69654457,1317.0
1568678400,72.69,77.82,72.25,74.16,74.34,23325.97591923,1818.0
1568764800,74.16,80.18,74.16,77.56,77.54,25888.62598742,3222.0
1568851200,77.56,77.71,72.67,77.04,75.5,36627.10796185,2373.0
1568937600,77.04,77.04,72.87,75.05,74.95,19046.73869463,1698.0
1569024000,75.05,75.64,72.0,73.18,73.96,16072.63223077,2028.0
1569110400,73.18,73.19,71.07,72.56,72.14,10161.70832612,1033.0
1569196800,72.28,74.09,61.45,66.41,68.49,20286.63448064,1973.0
1569283200,66.41,67.32,53.66,54.76,60.04,83182.35502362,5351.0
1569369600,54.76,58.38,52.97,57.45,56.01,53895.25824079,4882.0
1569456000,57.45,57.49,50.22,55.17,54.28,42239.2942305,2769.0
1569542400,55.17,56.8,52.6,55.88,54.48,22965.67329735,1594.0
1569628800,55.88,56.26,53.91,55.43,55.3,16666.93297897,1194.0
1569715200,55.43,55.61,52.23,53.94,53.6,14974.57260249,1193.0
1569801600,53.94,56.4,52.55,56.12,54.69,22667.31137648,2230.0
1569888000,56.12,57.61,54.97,55.67,56.22,17402.19150153,1779.0
1569974400,55.67,56.72,55.31,56.41,56.0,11311.08744266,995.0
1570060800,56.41,57.02,53.79,56.4,55.19,19681.78350143,1432.0
1570147200,56.4,57.42,55.35,56.54,56.6,10957.34662744,779.0
1570233600,56.54,57.48,55.75,56.84,56.47,10202.29583385,606.0
1570320000,56.84,56.93,53.02,54.54,54.99,15905.45138895,1112.0
1570406400,54.54,58.7,53.35,57.57,56.67,16415.57996561,1421.0
1570492800,57.57,58.52,56.5,57.07,57.3,8440.15653939,765.0
1570579200,57.07,60.19,56.71,59.33,58.68,18697.91484341,1151.0
1570665600,59.33,59.46,57.24,57.65,58.17,7446.84419407,604.0
1570752000,57.65,58.63,55.47,55.91,56.64,17210.96108219,1324.0
1570838400,55.91,56.44,55.53,55.9,56.04,2816.02588571,364.0
1570924800,55.9,57.71,55.59,56.42,56.93,6614.12623202,538.0
1571011200,56.42,57.12,56.1,56.8,56.72,6822.59654201,662.0
1571097600,56.8,57.4,53.01,54.6,55.02,22022.33014942,1534.0
1571184000,54.6,55.3,50.67,52.56,52.74,22291.39265085,1496.0
1571270400,52.56,55.19,51.61,54.88,53.69,9528.26039055,807.0
1571356800,54.88,54.98,52.16,53.35,53.42,18889.92457808,1058.0
1571443200,53.35,54.16,52.67,53.83,53.39,11723.23334076,573.0
1571529600,53.83,55.53,52.73,54.93,53.81,10900.0881519,608.0
1571616000,54.93,55.71,53.74,54.76,54.5,12573.57668899,735.0
1571702400,54.76,55.16,53.08,53.44,54.41,13384.4677284,700.0
1571788800,53.44,53.44,47.16,49.42,49.6,28593.44202737,2362.0
1571875200,49.42,50.35,48.38,49.73,49.41,12272.23634487,756.0
1571961600,49.73,58.73,49.16,56.97,55.27,42356.10402635,2745.0
1572048000,56.97,64.05,54.25,56.89,58.61,56262.19160314,3726.0
1572134400,56.89,62.86,55.86,59.95,59.09,32387.18113757,1898.0
1572220800,59.95,62.55,57.65,57.92,59.47,17947.87889426,1288.0
1572307200,57.92,60.85,57.83,59.94,59.4,18780.18695388,1038.0
1572393600,59.94,61.14,57.01,58.06,58.56,15076.29044318,963.0
1572480000,58.06,59.74,57.16,58.41,58.45,20113.7879231,1743.0
1572566400,58.41,58.96,56.6,58.42,57.76,9929.87308462,745.0
1572652800,58.42,59.29,57.94,58.38,58.56,6726.48112093,570.0
1572739200,58.38,58.79,57.29,58.42,58.07,9504.22873974,667.0
1572825600,58.42,62.94,58.0,61.38,60.46,23909.70673205,1561.0
1572912000,61.38,64.1,60.97,63.19,62.86,16264.67661563,1328.0
1572998400,63.19,64.29,62.67,64.15,63.19,10831.39615108,857.0
1573084800,64.15,64.25,60.28,61.5,61.9,17680.89060004,1149.0
1573171200,61.5,62.35,58.73,60.29,60.33,16368.82986857,1156.0
1573257600,60.29,62.35,60.05,62.12,61.16,8440.1413374,608.0
1573344000,62.12,66.01,61.0,63.63,63.65,27889.5436549,2098.0
1573430400,63.63,64.32,60.48,62.31,62.15,11069.18214092,748.0
